id,fName,email,age,city,company
1,Emily Johnson,emily.johnson@x.dummyjson.com,29,Phoenix,"Dooley, Kozey and Cronin"
2,Michael Williams,michael.williams@x.dummyjson.com,36,Houston,Spinka - Dickinson
3,Sophia Brown,sophia.brown@x.dummyjson.com,43,Washington,Schiller - Zieme
4,James Davis,james.davis@x.dummyjson.com,46,Seattle,Pagac and Sons
5,Emma Miller,emma.miller@x.dummyjson.com,31,Jacksonville,Graham - Gulgowski
6,Olivia Wilson,olivia.wilson@x.dummyjson.com,23,Fort Worth,Pfannerstill Inc
7,Alexander Jones,alexander.jones@x.dummyjson.com,39,Indianapolis,Dickens - Beahan
8,Ava Taylor,ava.taylor@x.dummyjson.com,28,Fort Worth,Nikolaus Inc
9,Ethan Martinez,ethan.martinez@x.dummyjson.com,34,San Antonio,Gorczany - Gottlieb
10,Isabella Anderson,isabella.anderson@x.dummyjson.com,32,New York,Pollich - Hilpert
11,Liam Garcia,liam.garcia@x.dummyjson.com,30,Denver,Considine - Torp
12,Mia Rodriguez,mia.rodriguez@x.dummyjson.com,25,Jacksonville,"Miller, Schowalter and Wisozk"
13,Noah Hernandez,noah.hernandez@x.dummyjson.com,41,New York,"Botsford, Marquardt and Roberts"
14,Charlotte Lopez,charlotte.lopez@x.dummyjson.com,37,Columbus,Zulauf and Sons
15,William Gonzalez,william.gonzalez@x.dummyjson.com,33,San Jose,Spinka - Dickinson
16,Avery Perez,avery.perez@x.dummyjson.com,26,Columbus,Herzog Inc
17,Evelyn Sanchez,evelyn.sanchez@x.dummyjson.com,38,San Diego,Predovic - Johns
18,Logan Torres,logan.torres@x.dummyjson.com,32,Columbus,Jast - Nader
19,Abigail Rivera,abigail.rivera@x.dummyjson.com,29,Chicago,Prohaska - Thiel
20,Jackson Evans,jackson.evans@x.dummyjson.com,35,New York,Kuhlman LLC
21,Madison Collins,madison.collins@x.dummyjson.com,27,Philadelphia,Mayer - Smitham
22,Elijah Stewart,elijah.stewart@x.dummyjson.com,34,Columbus,Langworth Group
23,Chloe Morales,chloe.morales@x.dummyjson.com,40,Dallas,Grady LLC
24,Mateo Nguyen,mateo.nguyen@x.dummyjson.com,31,Columbus,Spinka LLC
25,Harper Kelly,harper.kelly@x.dummyjson.com,28,Philadelphia,"Leffler, Rolfson and Becker"
26,Evelyn Gonzalez,evelyn.gonzalez@x.dummyjson.com,36,Dallas,"Tromp, Gaylord and Weber"
27,Daniel Cook,daniel.cook@x.dummyjson.com,42,Los Angeles,"Morissette, Baumbach and Auer"
28,Lily Lee,lily.lee@x.dummyjson.com,30,Phoenix,Cremin Inc
29,Henry Hill,henry.hill@x.dummyjson.com,39,Indianapolis,"Gerlach, Funk and Schoen"
30,Addison Wright,addison.wright@x.dummyjson.com,33,San Francisco,Kreiger Inc
